<?xml version="1.0" encoding="UTF-8"?>
<project-private xmlns="http://www.netbeans.org/ns/project-private/1">
    <editor-bookmarks xmlns="http://www.netbeans.org/ns/editor-bookmarks/2" lastBookmarkId="0"/>
    <open-files xmlns="http://www.netbeans.org/ns/projectui-open-files/2">
        <group>
            <file>file:/D:/Ecomp%20-%20Uefs/7º%20semestre/Tecnologicas/TEC502%20-%20MI%20-%20Concorrência%20e%20Conectividade/PBL%201%20git/ClienteAutorama/src/ClienteAutorama/controller/GerenciadorArquivo.java</file>
            <file>file:/D:/Ecomp%20-%20Uefs/7º%20semestre/Tecnologicas/TEC502%20-%20MI%20-%20Concorrência%20e%20Conectividade/PBL%201%20git/ClienteAutorama/src/ClienteAutorama/model/Carro.java</file>
            <file>file:/D:/Ecomp%20-%20Uefs/7º%20semestre/Tecnologicas/TEC502%20-%20MI%20-%20Concorrência%20e%20Conectividade/PBL%201%20git/ClienteAutorama/src/ClienteAutorama/model/Pista.java</file>
            <file>file:/D:/Ecomp%20-%20Uefs/7º%20semestre/Tecnologicas/TEC502%20-%20MI%20-%20Concorrência%20e%20Conectividade/PBL%201%20git/ClienteAutorama/src/ClienteAutorama/model/Piloto.java</file>
            <file>file:/D:/Ecomp%20-%20Uefs/7º%20semestre/Tecnologicas/TEC502%20-%20MI%20-%20Concorrência%20e%20Conectividade/PBL%201%20git/ClienteAutorama/src/ClienteAutorama/view/Principal.java</file>
            <file>file:/D:/Ecomp%20-%20Uefs/7º%20semestre/Tecnologicas/TEC502%20-%20MI%20-%20Concorrência%20e%20Conectividade/PBL%201%20git/ClienteAutorama/src/ClienteAutorama/controller/Corrida.java</file>
            <file>file:/D:/Ecomp%20-%20Uefs/7º%20semestre/Tecnologicas/TEC502%20-%20MI%20-%20Concorrência%20e%20Conectividade/PBL%201%20git/ClienteAutorama/src/ClienteAutorama/controller/Comunication.java</file>
            <file>file:/D:/Ecomp%20-%20Uefs/7º%20semestre/Tecnologicas/TEC502%20-%20MI%20-%20Concorrência%20e%20Conectividade/PBL%201%20git/ClienteAutorama/src/ClienteAutorama/model/Equipe.java</file>
            <file>file:/D:/Ecomp%20-%20Uefs/7º%20semestre/Tecnologicas/TEC502%20-%20MI%20-%20Concorrência%20e%20Conectividade/PBL%201%20git/ClienteAutorama/src/ClienteAutorama/view/TelaInicial.java</file>
            <file>file:/D:/Ecomp%20-%20Uefs/7º%20semestre/Tecnologicas/TEC502%20-%20MI%20-%20Concorrência%20e%20Conectividade/PBL%201%20git/ClienteAutorama/src/ClienteAutorama/view/Cadastro.java</file>
            <file>file:/D:/Ecomp%20-%20Uefs/7º%20semestre/Tecnologicas/TEC502%20-%20MI%20-%20Concorrência%20e%20Conectividade/PBL%201%20git/ClienteAutorama/src/ClienteAutorama/model/Partida.java</file>
        </group>
    </open-files>
</project-private>
